 Sl No, Org Name, Attendance Id, Name, Candidate ID, Candidate Type, User's Designation, Total Working days, Total Days Present, Total Days Came After 00:00:00, Total Days Going Before 00:00:00, Total Hours Spent, Not Closed, Average Per Day,
1,TESTORG Gurugram -TC999001,48774395,GOVT Test Alpha,CAN_TEST0001,Trainee,Trainee,11,1,1,0,07:02:51,0,07:02:51,"
							 Details
							"
2,TESTORG Gurugram -TC999001,61328219,GOVT Test Bravo,CAN_TEST0002,Trainee,Trainee,11,4,4,0,27:19:33,0,06:49:53,"
							 Details
							"
3,TESTORG Gurugram -TC999001,24227489,GOVT Test Charlie,CAN_TEST0003,Trainee,Trainee,11,10,10,0,75:50:37,1,07:35:03,"
							 Details
							"
4,TESTORG Gurugram -TC999001,63712805,GOVT Test Delta,CAN_TEST0009,Trainee,Trainee,11,8,8,0,54:57:47,0,06:52:13,"
							 Details
							"
5,TESTORG Gurugram -TC999001,72260295,GOVT Test Twin,CAN_TEST0005,Trainee,Trainee,11,3,3,0,12:38:11,0,04:12:43,"
							 Details
							"
6,TESTORG Gurugram -TC999001,18175570,GOVT Test Twin,CAN_TEST0006,Trainee,Trainee,11,5,5,0,33:22:46,0,06:40:33,"
							 Details
							"
7,TESTORG Gurugram -TC999001,75659540,GOVT Test Trainer,CAN_TEST0007,Trainer,Trainer,11,11,11,0,88:12:04,3,08:01:05,"
							 Details
							"
